-- phpMyAdmin SQL Dump
-- version 4.5.1
-- http://www.phpmyadmin.net
--
-- Host: 127.0.0.1
-- Generation Time: May 22, 2018 at 09:56 AM
-- Server version: 10.1.19-MariaDB
-- PHP Version: 5.6.28

SET SQL_MODE = "NO_AUTO_VALUE_ON_ZERO";
SET time_zone = "+00:00";


/*!40101 SET @OLD_CHARACTER_SET_CLIENT=@@CHARACTER_SET_CLIENT */;
/*!40101 SET @OLD_CHARACTER_SET_RESULTS=@@CHARACTER_SET_RESULTS */;
/*!40101 SET @OLD_COLLATION_CONNECTION=@@COLLATION_CONNECTION */;
/*!40101 SET NAMES utf8mb4 */;

--
-- Database: `forum`
--

-- --------------------------------------------------------

--
-- Table structure for table `access_tokens`
--

CREATE TABLE `access_tokens` (
  `id` varchar(40) COLLATE utf8mb4_unicode_ci NOT NULL,
  `user_id` int(10) UNSIGNED NOT NULL,
  `last_activity` int(11) NOT NULL,
  `lifetime` int(11) NOT NULL
) ENGINE=InnoDB DEFAULT CHARSET=utf8mb4 COLLATE=utf8mb4_unicode_ci;

-- --------------------------------------------------------

--
-- Table structure for table `api_keys`
--

CREATE TABLE `api_keys` (
  `id` varchar(100) COLLATE utf8mb4_unicode_ci NOT NULL
) ENGINE=InnoDB DEFAULT CHARSET=utf8mb4 COLLATE=utf8mb4_unicode_ci;

-- --------------------------------------------------------

--
-- Table structure for table `auth_tokens`
--

CREATE TABLE `auth_tokens` (
  `id` varchar(100) COLLATE utf8mb4_unicode_ci NOT NULL,
  `payload` varchar(150) COLLATE utf8mb4_unicode_ci NOT NULL,
  `created_at` timestamp NOT NULL DEFAULT '0000-00-00 00:00:00'
) ENGINE=InnoDB DEFAULT CHARSET=utf8mb4 COLLATE=utf8mb4_unicode_ci;

-- --------------------------------------------------------

--
-- Table structure for table `discussions`
--

CREATE TABLE `discussions` (
  `id` int(10) UNSIGNED NOT NULL,
  `title` varchar(200) COLLATE utf8mb4_unicode_ci NOT NULL,
  `comments_count` int(10) UNSIGNED NOT NULL DEFAULT '0',
  `participants_count` int(10) UNSIGNED NOT NULL DEFAULT '0',
  `number_index` int(10) UNSIGNED NOT NULL DEFAULT '0',
  `start_time` datetime NOT NULL,
  `start_user_id` int(10) UNSIGNED DEFAULT NULL,
  `start_post_id` int(10) UNSIGNED DEFAULT NULL,
  `last_time` datetime DEFAULT NULL,
  `last_user_id` int(10) UNSIGNED DEFAULT NULL,
  `last_post_id` int(10) UNSIGNED DEFAULT NULL,
  `last_post_number` int(10) UNSIGNED DEFAULT NULL,
  `hide_time` datetime DEFAULT NULL,
  `hide_user_id` int(10) UNSIGNED DEFAULT NULL,
  `slug` varchar(255) COLLATE utf8mb4_unicode_ci NOT NULL,
  `is_private` tinyint(1) NOT NULL DEFAULT '0',
  `is_approved` tinyint(1) NOT NULL DEFAULT '1'
) ENGINE=InnoDB DEFAULT CHARSET=utf8mb4 COLLATE=utf8mb4_unicode_ci;

-- --------------------------------------------------------

--
-- Table structure for table `email_tokens`
--

CREATE TABLE `email_tokens` (
  `id` varchar(100) COLLATE utf8mb4_unicode_ci NOT NULL,
  `email` varchar(150) COLLATE utf8mb4_unicode_ci NOT NULL,
  `user_id` int(10) UNSIGNED NOT NULL,
  `created_at` timestamp NOT NULL DEFAULT '0000-00-00 00:00:00'
) ENGINE=InnoDB DEFAULT CHARSET=utf8mb4 COLLATE=utf8mb4_unicode_ci;

--
-- Dumping data for table `email_tokens`
--

INSERT INTO `email_tokens` (`id`, `email`, `user_id`, `created_at`) VALUES
('qtf8WFJ7nrSQLcGEfoOBAZYoCBgFpfy5FTdX6agg', 'mohitgupta_ro@srmuniv.edu.in', 2, '2018-05-21 12:54:53'),
('SpzhvHLFFSyq5dasX3AwM8urFpgs1mMg60uD1Ywx', 'mohitgupta_ro@srmuniv.edu.in', 2, '2018-05-21 12:57:16');

-- --------------------------------------------------------

--
-- Table structure for table `groups`
--

CREATE TABLE `groups` (
  `id` int(10) UNSIGNED NOT NULL,
  `name_singular` varchar(100) COLLATE utf8mb4_unicode_ci NOT NULL,
  `name_plural` varchar(100) COLLATE utf8mb4_unicode_ci NOT NULL,
  `color` varchar(20) COLLATE utf8mb4_unicode_ci DEFAULT NULL,
  `icon` varchar(100) COLLATE utf8mb4_unicode_ci DEFAULT NULL
) ENGINE=InnoDB DEFAULT CHARSET=utf8mb4 COLLATE=utf8mb4_unicode_ci;

--
-- Dumping data for table `groups`
--

INSERT INTO `groups` (`id`, `name_singular`, `name_plural`, `color`, `icon`) VALUES
(1, 'Admin', 'Admins', '#B72A2A', 'wrench'),
(2, 'Guest', 'Guests', NULL, NULL),
(3, 'Member', 'Members', NULL, NULL),
(4, 'Mod', 'Mods', '#80349E', 'bolt');

-- --------------------------------------------------------

--
-- Table structure for table `migrations`
--

CREATE TABLE `migrations` (
  `migration` varchar(255) COLLATE utf8mb4_unicode_ci NOT NULL,
  `extension` varchar(255) COLLATE utf8mb4_unicode_ci DEFAULT NULL
) ENGINE=InnoDB DEFAULT CHARSET=utf8mb4 COLLATE=utf8mb4_unicode_ci;

--
-- Dumping data for table `migrations`
--

INSERT INTO `migrations` (`migration`, `extension`) VALUES
('2015_02_24_000000_create_access_tokens_table', NULL),
('2015_02_24_000000_create_api_keys_table', NULL),
('2015_02_24_000000_create_config_table', NULL),
('2015_02_24_000000_create_discussions_table', NULL),
('2015_02_24_000000_create_email_tokens_table', NULL),
('2015_02_24_000000_create_groups_table', NULL),
('2015_02_24_000000_create_notifications_table', NULL),
('2015_02_24_000000_create_password_tokens_table', NULL),
('2015_02_24_000000_create_permissions_table', NULL),
('2015_02_24_000000_create_posts_table', NULL),
('2015_02_24_000000_create_users_discussions_table', NULL),
('2015_02_24_000000_create_users_groups_table', NULL),
('2015_02_24_000000_create_users_table', NULL),
('2015_09_15_000000_create_auth_tokens_table', NULL),
('2015_09_20_224327_add_hide_to_discussions', NULL),
('2015_09_22_030432_rename_notification_read_time', NULL),
('2015_10_07_130531_rename_config_to_settings', NULL),
('2015_10_24_194000_add_ip_address_to_posts', NULL),
('2015_12_05_042721_change_access_tokens_columns', NULL),
('2015_12_17_194247_change_settings_value_column_to_text', NULL),
('2016_02_04_095452_add_slug_to_discussions', NULL),
('2017_04_07_114138_add_is_private_to_discussions', NULL),
('2017_04_07_114138_add_is_private_to_posts', NULL),
('2017_04_09_152230_change_posts_content_column_to_mediumtext', NULL),
('2015_09_21_011527_add_is_approved_to_discussions', 'flarum-approval'),
('2015_09_21_011706_add_is_approved_to_posts', 'flarum-approval'),
('2017_07_22_000000_add_default_permissions', 'flarum-approval');

-- --------------------------------------------------------

--
-- Table structure for table `notifications`
--

CREATE TABLE `notifications` (
  `id` int(10) UNSIGNED NOT NULL,
  `user_id` int(10) UNSIGNED NOT NULL,
  `sender_id` int(10) UNSIGNED DEFAULT NULL,
  `type` varchar(100) COLLATE utf8mb4_unicode_ci NOT NULL,
  `subject_type` varchar(200) COLLATE utf8mb4_unicode_ci DEFAULT NULL,
  `subject_id` int(10) UNSIGNED DEFAULT NULL,
  `data` blob,
  `time` datetime NOT NULL,
  `is_read` tinyint(1) NOT NULL DEFAULT '0',
  `is_deleted` tinyint(1) NOT NULL DEFAULT '0'
) ENGINE=InnoDB DEFAULT CHARSET=utf8mb4 COLLATE=utf8mb4_unicode_ci;

-- --------------------------------------------------------

--
-- Table structure for table `password_tokens`
--

CREATE TABLE `password_tokens` (
  `id` varchar(100) COLLATE utf8mb4_unicode_ci NOT NULL,
  `user_id` int(10) UNSIGNED NOT NULL,
  `created_at` timestamp NOT NULL DEFAULT '0000-00-00 00:00:00'
) ENGINE=InnoDB DEFAULT CHARSET=utf8mb4 COLLATE=utf8mb4_unicode_ci;

-- --------------------------------------------------------

--
-- Table structure for table `permissions`
--

CREATE TABLE `permissions` (
  `group_id` int(10) UNSIGNED NOT NULL,
  `permission` varchar(100) COLLATE utf8mb4_unicode_ci NOT NULL
) ENGINE=InnoDB DEFAULT CHARSET=utf8mb4 COLLATE=utf8mb4_unicode_ci;

--
-- Dumping data for table `permissions`
--

INSERT INTO `permissions` (`group_id`, `permission`) VALUES
(2, 'viewDiscussions'),
(3, 'discussion.reply'),
(3, 'discussion.replyWithoutApproval'),
(3, 'discussion.startWithoutApproval'),
(3, 'startDiscussion'),
(3, 'viewUserList'),
(4, 'discussion.approvePosts'),
(4, 'discussion.editPosts'),
(4, 'discussion.hide'),
(4, 'discussion.rename'),
(4, 'discussion.viewIpsPosts');

-- --------------------------------------------------------

--
-- Table structure for table `posts`
--

CREATE TABLE `posts` (
  `id` int(10) UNSIGNED NOT NULL,
  `discussion_id` int(10) UNSIGNED NOT NULL,
  `number` int(10) UNSIGNED DEFAULT NULL,
  `time` datetime NOT NULL,
  `user_id` int(10) UNSIGNED DEFAULT NULL,
  `type` varchar(100) COLLATE utf8mb4_unicode_ci DEFAULT NULL,
  `content` text COLLATE utf8mb4_unicode_ci,
  `edit_time` datetime DEFAULT NULL,
  `edit_user_id` int(10) UNSIGNED DEFAULT NULL,
  `hide_time` datetime DEFAULT NULL,
  `hide_user_id` int(10) UNSIGNED DEFAULT NULL,
  `ip_address` varchar(45) COLLATE utf8mb4_unicode_ci DEFAULT NULL,
  `is_private` tinyint(1) NOT NULL DEFAULT '0',
  `is_approved` tinyint(1) NOT NULL DEFAULT '1'
) ENGINE=MyISAM DEFAULT CHARSET=utf8mb4 COLLATE=utf8mb4_unicode_ci;

-- --------------------------------------------------------

--
-- Table structure for table `settings`
--

CREATE TABLE `settings` (
  `key` varchar(100) COLLATE utf8mb4_unicode_ci NOT NULL,
  `value` text COLLATE utf8mb4_unicode_ci
) ENGINE=InnoDB DEFAULT CHARSET=utf8mb4 COLLATE=utf8mb4_unicode_ci;

--
-- Dumping data for table `settings`
--

INSERT INTO `settings` (`key`, `value`) VALUES
('allow_post_editing', 'reply'),
('allow_renaming', '10'),
('allow_sign_up', '1'),
('custom_less', ''),
('default_locale', 'en'),
('default_route', '/all'),
('extensions_enabled', '["flarum-approval","flarum-bbcode","flarum-emoji","flarum-english"]'),
('forum_description', ''),
('forum_title', 'SIIC FORUM'),
('mail_driver', 'mail'),
('mail_from', 'noreply@localhost'),
('theme_colored_header', '0'),
('theme_dark_mode', '0'),
('theme_primary_color', '#4D698E'),
('theme_secondary_color', '#4D698E'),
('version', '0.1.0-beta.7'),
('welcome_message', 'This is beta software and you should not use it in production.'),
('welcome_title', 'Welcome to SIIC FORUM');

-- --------------------------------------------------------

--
-- Table structure for table `users`
--

CREATE TABLE `users` (
  `id` int(10) UNSIGNED NOT NULL,
  `username` varchar(100) COLLATE utf8mb4_unicode_ci NOT NULL,
  `email` varchar(150) COLLATE utf8mb4_unicode_ci NOT NULL,
  `is_activated` tinyint(1) NOT NULL DEFAULT '0',
  `password` varchar(100) COLLATE utf8mb4_unicode_ci NOT NULL,
  `bio` text COLLATE utf8mb4_unicode_ci,
  `avatar_path` varchar(100) COLLATE utf8mb4_unicode_ci DEFAULT NULL,
  `preferences` blob,
  `join_time` datetime DEFAULT NULL,
  `last_seen_time` datetime DEFAULT NULL,
  `read_time` datetime DEFAULT NULL,
  `notifications_read_time` datetime DEFAULT NULL,
  `discussions_count` int(10) UNSIGNED NOT NULL DEFAULT '0',
  `comments_count` int(10) UNSIGNED NOT NULL DEFAULT '0',
  `flags_read_time` datetime DEFAULT NULL
) ENGINE=InnoDB DEFAULT CHARSET=utf8mb4 COLLATE=utf8mb4_unicode_ci;

--
-- Dumping data for table `users`
--

INSERT INTO `users` (`id`, `username`, `email`, `is_activated`, `password`, `bio`, `avatar_path`, `preferences`, `join_time`, `last_seen_time`, `read_time`, `notifications_read_time`, `discussions_count`, `comments_count`, `flags_read_time`) VALUES
(1, 'admin', 'gupta.mohit0210@gmail.com', 1, '$2y$10$bE4VFY//JbWlCUCwvD0kj.6St2tUy.JtsyJ4/RWw94kfmxIV36cd2', NULL, NULL, NULL, '2018-05-21 18:20:35', NULL, NULL, NULL, 0, 0, NULL),
(2, 'mohit', 'mohitgupta_ro@srmuniv.edu.in', 0, '$2y$10$C3CGG7lACelaECuPv1uAlOuNYUtvKFGdMheiIeCHHxo1zj1Gpypcy', NULL, NULL, NULL, '2018-05-21 18:24:53', '2018-05-21 19:06:33', NULL, '2018-05-21 19:06:31', 0, 0, NULL);

-- --------------------------------------------------------

--
-- Table structure for table `users_discussions`
--

CREATE TABLE `users_discussions` (
  `user_id` int(10) UNSIGNED NOT NULL,
  `discussion_id` int(10) UNSIGNED NOT NULL,
  `read_time` datetime DEFAULT NULL,
  `read_number` int(10) UNSIGNED DEFAULT NULL
) ENGINE=InnoDB DEFAULT CHARSET=utf8mb4 COLLATE=utf8mb4_unicode_ci;

-- --------------------------------------------------------

--
-- Table structure for table `users_groups`
--

CREATE TABLE `users_groups` (
  `user_id` int(10) UNSIGNED NOT NULL,
  `group_id` int(10) UNSIGNED NOT NULL
) ENGINE=InnoDB DEFAULT CHARSET=utf8mb4 COLLATE=utf8mb4_unicode_ci;

--
-- Dumping data for table `users_groups`
--

INSERT INTO `users_groups` (`user_id`, `group_id`) VALUES
(1, 1);

--
-- Indexes for dumped tables
--

--
-- Indexes for table `access_tokens`
--
ALTER TABLE `access_tokens`
  ADD PRIMARY KEY (`id`);

--
-- Indexes for table `api_keys`
--
ALTER TABLE `api_keys`
  ADD PRIMARY KEY (`id`);

--
-- Indexes for table `auth_tokens`
--
ALTER TABLE `auth_tokens`
  ADD PRIMARY KEY (`id`);

--
-- Indexes for table `discussions`
--
ALTER TABLE `discussions`
  ADD PRIMARY KEY (`id`);

--
-- Indexes for table `email_tokens`
--
ALTER TABLE `email_tokens`
  ADD PRIMARY KEY (`id`);

--
-- Indexes for table `groups`
--
ALTER TABLE `groups`
  ADD PRIMARY KEY (`id`);

--
-- Indexes for table `notifications`
--
ALTER TABLE `notifications`
  ADD PRIMARY KEY (`id`);

--
-- Indexes for table `password_tokens`
--
ALTER TABLE `password_tokens`
  ADD PRIMARY KEY (`id`);

--
-- Indexes for table `permissions`
--
ALTER TABLE `permissions`
  ADD PRIMARY KEY (`group_id`,`permission`);

--
-- Indexes for table `posts`
--
ALTER TABLE `posts`
  ADD PRIMARY KEY (`id`),
  ADD UNIQUE KEY `posts_discussion_id_number_unique` (`discussion_id`,`number`);
ALTER TABLE `posts` ADD FULLTEXT KEY `content` (`content`);

--
-- Indexes for table `settings`
--
ALTER TABLE `settings`
  ADD PRIMARY KEY (`key`);

--
-- Indexes for table `users`
--
ALTER TABLE `users`
  ADD PRIMARY KEY (`id`),
  ADD UNIQUE KEY `users_username_unique` (`username`),
  ADD UNIQUE KEY `users_email_unique` (`email`);

--
-- Indexes for table `users_discussions`
--
ALTER TABLE `users_discussions`
  ADD PRIMARY KEY (`user_id`,`discussion_id`);

--
-- Indexes for table `users_groups`
--
ALTER TABLE `users_groups`
  ADD PRIMARY KEY (`user_id`,`group_id`);

--
-- AUTO_INCREMENT for dumped tables
--

--
-- AUTO_INCREMENT for table `discussions`
--
ALTER TABLE `discussions`
  MODIFY `id` int(10) UNSIGNED NOT NULL AUTO_INCREMENT;
--
-- AUTO_INCREMENT for table `groups`
--
ALTER TABLE `groups`
  MODIFY `id` int(10) UNSIGNED NOT NULL AUTO_INCREMENT, AUTO_INCREMENT=5;
--
-- AUTO_INCREMENT for table `notifications`
--
ALTER TABLE `notifications`
  MODIFY `id` int(10) UNSIGNED NOT NULL AUTO_INCREMENT;
--
-- AUTO_INCREMENT for table `posts`
--
ALTER TABLE `posts`
  MODIFY `id` int(10) UNSIGNED NOT NULL AUTO_INCREMENT;
--
-- AUTO_INCREMENT for table `users`
--
ALTER TABLE `users`
  MODIFY `id` int(10) UNSIGNED NOT NULL AUTO_INCREMENT, AUTO_INCREMENT=3;
/*!40101 SET CHARACTER_SET_CLIENT=@OLD_CHARACTER_SET_CLIENT */;
/*!40101 SET CHARACTER_SET_RESULTS=@OLD_CHARACTER_SET_RESULTS */;
/*!40101 SET COLLATION_CONNECTION=@OLD_COLLATION_CONNECTION */;
